education,aggression
bachelors,0.18159472699124246
doctorate,0.19860764481807436
hs,0.18402796721490353
masters,0.18354571728849187
none,0.08421052631578947
professional,0.18806376277505196
some,0.17077574047954866
