gender,aggression
female,0.1966939627332418
male,0.17562960418615528
other,0.4457831325301205
