age_group,aggression
18-30,0.1675928955602364
30-45,0.19036925589511836
45-60,0.23593703516872971
Over 60,0.2365769672235684
Under 18,0.1307298736556333
